aceticus	Syntrophaceticus
acus	Portacus
adaptatus	Aedoeadaptatus
adaptatus	Haladaptatus
adaptatus	Hoministercoradaptatus
adaptatus	Salinadaptatus
adhaeretor	Adhaeretor
albus	Abyssalbus
albus	Thioalbus
amator	Caloramator
amator	Seramator
amicus	[Azoamicus]
arculus	Desulfarculus
arculus	"Desulfoarculus"
arculus	Dethiosulfatarculus
arcus	Anaeroarcus
arcus	Azoarcus
arcus	Cyanarcus
arcus	"Candidatus Marinarcus" corrig.
arcus	Merismoarcus
arcus	Roseiarcus
arcus	Sideroxyarcus
arcus	Tetrarcus
aurantiacus	Sphingoaurantiacus
aurantiacus	Thermaurantiacus
avidus	Cupriavidus
avidus	Mycoavidus
bacillus	Acetilactobacillus
bacillus	"Acidibacillus"
bacillus	Acidithiobacillus
bacillus	Actinobacillus
bacillus	Aeribacillus
bacillus	"Aerobacillus"
bacillus	Agrilactobacillus
bacillus	Aidingibacillus
bacillus	Albibacillus
bacillus	Algibacillus
bacillus	Alicyclobacillus
bacillus	"Alkalibacillus"
bacillus	Alkalibacillus
bacillus	Alkalicoccobacillus
bacillus	Alkalilactibacillus
bacillus	Allobacillus
bacillus	Amedibacillus
bacillus	Ammoniibacillus
bacillus	Amphibacillus
bacillus	Amylolactobacillus
bacillus	Anaerobacillus
bacillus	"Anaeromassilibacillus"
bacillus	Aneurinibacillus
bacillus	Anoxybacillus
bacillus	Apilactobacillus
bacillus	Aquisalibacillus
bacillus	Arenibacillus
bacillus	Aureibacillus
bacillus	Bacillus
bacillus	Bombilactobacillus
bacillus	Brevibacillus
bacillus	Calculibacillus
bacillus	Caldalkalibacillus
bacillus	"Caldibacillus"
bacillus	Caldibacillus
bacillus	Camelliibacillus
bacillus	"Candidatus Carbobacillus"
bacillus	"Candidatus Carbonibacillus" corrig.
bacillus	Catenibacillus
bacillus	Cloacibacillus
bacillus	[Coccobacillus]
bacillus	Companilactobacillus
bacillus	Compostibacillus
bacillus	Coprobacillus
bacillus	"Desulfobacillus"
bacillus	Desulfuribacillus
bacillus	"Duodenibacillus"
bacillus	Effusibacillus
bacillus	Enterobacillus
bacillus	"Erythrobacillus"
bacillus	Faecalibacillus
bacillus	Fermentibacillus
bacillus	[Ferrobacillus]
bacillus	Fictibacillus
bacillus	Filobacillus
bacillus	Flectobacillus
bacillus	Fontibacillus
bacillus	Fructilactobacillus
bacillus	Fructobacillus
bacillus	Furfurilactobacillus
bacillus	"Galactobacillus"
bacillus	Geobacillus
bacillus	Gracilibacillus
bacillus	"Haemobacillus"
bacillus	Halalkalibacillus
bacillus	Halobacillus
bacillus	Halolactibacillus
bacillus	Halothiobacillus
bacillus	Helcobacillus
bacillus	Heliobacillus
bacillus	Humibacillus
bacillus	Hydrogenibacillus
bacillus	"Intestinibacillus"
bacillus	Jeotgalibacillus
bacillus	"Jilinibacillus"
bacillus	Lacticaseibacillus
bacillus	Lactiplantibacillus
bacillus	Lactobacillus
bacillus	Lapidilactobacillus
bacillus	Latilactobacillus
bacillus	Lentibacillus
bacillus	Lentilactobacillus
bacillus	Levilactobacillus
bacillus	Ligilactobacillus
bacillus	Limibacillus
bacillus	Limosilactobacillus
bacillus	Liquorilactobacillus
bacillus	Litoribacillus
bacillus	Lottiidibacillus
bacillus	"Candidatus Lutibacillus"
bacillus	Lysinibacillus
bacillus	Mageeibacillus
bacillus	"Mangrovibacillus"
bacillus	Marinibacillus
bacillus	Marinilactibacillus
bacillus	"Massilibacillus"
bacillus	Melghiribacillus
bacillus	"Methanobacillus"
bacillus	Methylobacillus
bacillus	Mycolicibacillus
bacillus	Natribacillus
bacillus	Natronobacillus
bacillus	"Negativibacillus"
bacillus	Negativibacillus
bacillus	Oceanobacillus
bacillus	Ornithinibacillus
bacillus	Paraliobacillus
bacillus	[Parvibacillus]
bacillus	Paucilactobacillus
bacillus	Paucisalibacillus
bacillus	Pelagibacillus
bacillus	Piscibacillus
bacillus	Polygonibacillus
bacillus	Pontibacillus
bacillus	Psychrobacillus
bacillus	Pullulanibacillus
bacillus	Radiobacillus
bacillus	"Candidatus Reconcilibacillus"
bacillus	"Candidatus Reconciliibacillus" corrig.
bacillus	[Rhodobacillus]
bacillus	Roseibacillus
bacillus	Saccharibacillus
bacillus	Salibacillus
bacillus	Salinibacillus
bacillus	Salipaludibacillus
bacillus	Saliterribacillus
bacillus	Salsuginibacillus
bacillus	Schleiferilactobacillus
bacillus	Scopulibacillus
bacillus	Secundilactobacillus
bacillus	Sediminibacillus
bacillus	Siculibacillus
bacillus	Sinibacillus
bacillus	"Candidatus Spirobacillus"
bacillus	Sporolactobacillus
bacillus	Streptobacillus
bacillus	Streptohalobacillus
bacillus	Sulfobacillus
bacillus	Tenuibacillus
bacillus	Tepidibacillus
bacillus	Terribacillus
bacillus	Terrilactibacillus
bacillus	Texcoconibacillus
bacillus	Thalassobacillus
bacillus	"Thermalkalibacillus"
bacillus	Thermithiobacillus
bacillus	Thermobacillus
bacillus	Thermolongibacillus
bacillus	Thiobacillus
bacillus	Tuberibacillus
bacillus	Tumebacillus
bacillus	[Urobacillus]
bacillus	Viridibacillus
bacillus	Vulcanibacillus
bacillus	Xylanibacillus
bacter	"Candidatus Abditibacter"
bacter	Abyssibacter
bacter	"Abyssisolibacter"
bacter	Acanthopleuribacter
bacter	"Candidatus Accumulibacter"
bacter	[Acestibacter]
bacter	"Acetanaerobacter"
bacter	Acetobacter
bacter	Achromobacter
bacter	Acidaminobacter
bacter	Acidibacter
bacter	Acidiferrobacter
bacter	Acidihalobacter
bacter	Acidiluteibacter
bacter	"Candidatus Acidulidesulfobacter" corrig.
bacter	Acinetobacter
bacter	Actibacter
bacter	Actirhodobacter
bacter	Acutalibacter
bacter	Adhaeribacter
bacter	Aequoribacter
bacter	[Aerobacter]
bacter	Aestuariibacter
bacter	Aetherobacter
bacter	Agaribacter
bacter	Agathobacter
bacter	Aggregatibacter
bacter	Agriterribacter
bacter	Albibacter
bacter	Algibacter
bacter	Alkalibacter
bacter	Alkanibacter
bacter	"Candidatus Allofontibacter" corrig.
bacter	Alsobacter
bacter	Alteribacter
bacter	"Altibacter"
bacter	"Altuibacter"
bacter	Aminobacter
bacter	Amoebobacter
bacter	Amylibacter
bacter	"Candidatus Anadelfobacter"
bacter	Anaerobacter
bacter	"Anaerolactibacter"
bacter	Anaeromyxobacter
bacter	Anaerosalibacter
bacter	Anaerosolibacter
bacter	Anaerosporobacter
bacter	Ancylobacter
bacter	Angustibacter
bacter	[Anoxipelagibacter]
bacter	Anoxybacter
bacter	Antarctobacter
bacter	Anthocerotibacter
bacter	Antribacter
bacter	Apibacter
bacter	"Aplanobacter"
bacter	Aquabacter
bacter	Aquariibacter
bacter	Aquibacter
bacter	Aquidulcibacter
bacter	Aquipuribacter
bacter	"Arabiibacter"
bacter	"Candidatus Arcanibacter" corrig.
bacter	"Candidatus Arcanobacter"
bacter	Arcobacter
bacter	Arcticibacter
bacter	Arcticiflavibacter
bacter	Arenibacter
bacter	Aridibacter
bacter	Arsenicibacter
bacter	Arthrobacter
bacter	Arthrospiribacter
bacter	Arundinibacter
bacter	Arvibacter
bacter	Asaccharobacter
bacter	"Ascidiaceibacter"
bacter	Asprobacter
bacter	"Atlantibacter"
bacter	Atopobacter
bacter	Atribacter
bacter	Aurantiacibacter
bacter	"Aurantibacter"
bacter	Aurantibacter
bacter	Aureibacter
bacter	Auritidibacter
bacter	Azotobacter
bacter	"Candidatus Baltobacter"
bacter	Biomaibacter
bacter	Blastobacter
bacter	Botryobacter
bacter	Brassicibacter
bacter	Brevilactibacter
bacter	Breznakibacter
bacter	Bryobacter
bacter	Butyratibacter
bacter	Butyribacter
bacter	"Caecibacter"
bacter	Caedibacter
bacter	"Caespitibacter"
bacter	Caldanaerobacter
bacter	"Candidatus Caldibacter"
bacter	Caldicoprobacter
bacter	Caldisalinibacter
bacter	Calidifontibacter
bacter	Caloranaerobacter
bacter	Caminibacter
bacter	Campylobacter
bacter	Canibacter
bacter	Caproicibacter
bacter	"Carotenobacter"
bacter	Caseobacter
bacter	Catabacter
bacter	"Catabacter"
bacter	Caulobacter
bacter	Caviibacter
bacter	Celeribacter
bacter	Cellulosibacter
bacter	Cereibacter
bacter	Cesiribacter
bacter	"Changpingibacter"
bacter	Chelatobacter
bacter	Chelonobacter
bacter	Chimaeribacter
bacter	Chitinibacter
bacter	"Chitinolyticbacter"
bacter	Chromohalobacter
bacter	Chroobacter
bacter	"Chryseosolibacter"
bacter	"Chthoniobacter"
bacter	Chthonobacter
bacter	Chujaibacter
bacter	"Candidatus Cibiobacter"
bacter	"Candidatus Cibionibacter" corrig.
bacter	Ciceribacter
bacter	"Citreibacter"
bacter	Citrobacter
bacter	Clavibacter
bacter	Clostridiisalibacter
bacter	Cnuibacter
bacter	Cohaesibacter
bacter	"Colibacter"
bacter	"Colidextribacter"
bacter	Commensalibacter
bacter	"Candidatus Competibacter"
bacter	Compostibacter
bacter	Conexibacter
bacter	Confluentibacter
bacter	Congregibacter
bacter	Conservatibacter
bacter	Constrictibacter
bacter	"Candidatus Contendibacter" corrig.
bacter	"Candidatus Contendobacter"
bacter	Coprobacter
bacter	Coprothermobacter
bacter	Corallibacter
bacter	Corticibacter
bacter	Corticimicrobacter
bacter	Craterilacuibacter
bacter	Crenobacter
bacter	Cricetibacter
bacter	Croceibacter
bacter	"Cronobacter"
bacter	Cronobacter
bacter	Cryptanaerobacter
bacter	Cucumibacter
bacter	Culicoidibacter
bacter	Cumulibacter
bacter	Cuneatibacter
bacter	[Curacaobacter]
bacter	Curvibacter
bacter	"Candidatus Cyrtobacter"
bacter	Cystobacter
bacter	"Candidatus Cytomitobacter"
bacter	"Daptobacter"
bacter	"Dechlorobacter"
bacter	Deferribacter
bacter	Defluvibacter
bacter	Dehalobacter
bacter	Deinobacter
bacter	Deminuibacter
bacter	Dendrosporobacter
bacter	"Denitrobacter"
bacter	Dermabacter
bacter	Desertibacter
bacter	Desulfitibacter
bacter	Desulfobacter
bacter	"Desulfobacter"
bacter	Desulfocurvibacter
bacter	Desulfoferrobacter
bacter	Desulfonatronobacter
bacter	Desulfothermobacter
bacter	Dethiobacter
bacter	Dethiosulfatibacter
bacter	Diaminobutyricibacter
bacter	Diaphorobacter
bacter	Dichelobacter
bacter	Dictyobacter
bacter	Dinghuibacter
bacter	Dissulfuribacter
bacter	"Candidatus Dormibacter"
bacter	"Candidatus Dormiibacter" corrig.
bacter	Dyadobacter
bacter	Dysosmobacter
bacter	Edaphobacter
bacter	Effluviibacter
bacter	Egibacter
bacter	Eisenibacter
bacter	Ellagibacter
bacter	Emcibacter
bacter	Empedobacter
bacter	Endobacter
bacter	"Candidatus Endonucleariibacter" corrig.
bacter	"Candidatus Endonucleariobacter"
bacter	"Candidatus Endonucleibacter" corrig.
bacter	"Candidatus Endonucleobacter"
bacter	Enhydrobacter
bacter	Enterobacter
bacter	Entomobacter
bacter	"Candidatus Epifloribacter" corrig.
bacter	"Candidatus Eremiobacter"
bacter	Erythrobacter
bacter	Extibacter
bacter	Fabibacter
bacter	Faecalibacter
bacter	Fastidiosibacter
bacter	"Candidatus Fermentibacter"
bacter	[Ferribacter]
bacter	"Candidatus Ferrooxidibacter" corrig.
bacter	Ferruginibacter
bacter	Fertoeibacter
bacter	"Candidatus Fervidibacter"
bacter	Fibrobacter
bacter	Filibacter
bacter	Flaviaestuariibacter corrig.
bacter	Flaviaesturariibacter
bacter	Flaviflagellibacter
bacter	Flavihalobacter
bacter	Flavihumibacter
bacter	Flavilitoribacter
bacter	Flavipsychrobacter
bacter	Flavisolibacter
bacter	Flexibacter
bacter	Flintibacter
bacter	Flocculibacter
bacter	Fluoribacter
bacter	Fluviibacter
bacter	Fodinibacter
bacter	"Candidatus Fodinibacter" corrig.
bacter	"Foetidibacter"
bacter	"Candidatus Fonsibacter"
bacter	Fontibacter
bacter	"Candidatus Frackibacter"
bacter	Franconibacter
bacter	Fretibacter
bacter	Frigidibacter
bacter	Frondibacter
bacter	[Fucobacter]
bacter	Fulvibacter
bacter	Fundibacter
bacter	"Fuscibacter"
bacter	Fusibacter
bacter	Fusicatenibacter
bacter	Gabonibacter
bacter	Gaetbulibacter
bacter	Galactobacter
bacter	"Candidatus Galacturonatibacter" corrig.
bacter	"Candidatus Galacturonibacter"
bacter	Galbibacter
bacter	Gallibacter
bacter	Gelidibacter
bacter	Gemmobacter
bacter	Geoalkalibacter
bacter	Geoanaerobacter
bacter	Geobacter
bacter	Geomesophilobacter
bacter	"Geomobilibacter"
bacter	Geopsychrobacter
bacter	Geosporobacter
bacter	Geothermobacter
bacter	Gilvibacter
bacter	"Ginsengibacter"
bacter	Glaciibacter
bacter	Gloeobacter
bacter	"Candidatus Glomeribacter"
bacter	"Glucerabacter"
bacter	Gluconobacter
bacter	Glutamicibacter
bacter	Gordonibacter
bacter	Gracilibacter
bacter	Granulibacter
bacter	[Granulobacter]
bacter	Gulosibacter
bacter	Haematobacter
bacter	"Haererehalobacter"
bacter	Halalkalibacter
bacter	Halanaerobacter corrig.
bacter	Halarcobacter corrig.
bacter	Halarsenatibacter
bacter	"Candidatus Halichondribacter"
bacter	"Candidatus Halichondriibacter" corrig.
bacter	Haliscomenobacter
bacter	Haloanaerobacter
bacter	Haloarcobacter
bacter	"Halobacter"
bacter	Halocynthiibacter
bacter	Haloflavibacter
bacter	Hartmannibacter
bacter	Hasllibacter
bacter	Helicobacter
bacter	"Candidatus Hepatobacter"
bacter	"Hevizibacter"
bacter	Homoserinibacter
bacter	"Candidatus Houarnoksidobacter"
bacter	Huaxiibacter
bacter	Humibacter
bacter	Hydrobacter
bacter	Hydrogenobacter
bacter	"Candidatus Hydrogenosomobacter"
bacter	Hymenobacter
bacter	Hypericibacter
bacter	"Hyphobacter"
bacter	"Candidatus Ignotibacter" corrig.
bacter	"Ihubacter"
bacter	Ilumatobacter
bacter	Ilyobacter
bacter	Immundisolibacter
bacter	Imperialibacter
bacter	Indibacter
bacter	Intestinibacter
bacter	Iodobacter
bacter	Irregularibacter
bacter	Janibacter
bacter	"Jejubacter"
bacter	"Candidatus Jidaibacter"
bacter	Jinshanibacter
bacter	Jiulongibacter
bacter	[Kaistobacter]
bacter	Ketobacter
bacter	Koleobacter
bacter	"Komagatabacter"
bacter	Komagataeibacter
bacter	"Konateibacter"
bacter	Koreibacter
bacter	"Candidatus Koribacter"
bacter	[Korobacter]
bacter	Krokinobacter
bacter	"Candidatus Kryptobacter"
bacter	Ktedobacter
bacter	Ktedonobacter corrig.
bacter	Ktedonosporobacter
bacter	Labilibacter
bacter	Lacibacter
bacter	Lamprobacter
bacter	Laribacter
bacter	"Candidatus Latescibacter"
bacter	Lawsonibacter
bacter	Lentibacter
bacter	Lentihominibacter
bacter	Lentilitoribacter
bacter	Leucobacter
bacter	Liberibacter
bacter	"Candidatus Liberobacter"
bacter	Limibacter
bacter	Limnobacter
bacter	Limoniibacter
bacter	Litoreibacter
bacter	Litoribacter
bacter	Litoribrevibacter
bacter	Longibacter
bacter	Lunatibacter
bacter	Luteibacter
bacter	Luteithermobacter
bacter	Luteolibacter
bacter	Lutibacter
bacter	Lutimaribacter
bacter	"Luxibacter"
bacter	Lysinibacter
bacter	Lysobacter
bacter	Mabikibacter
bacter	Malaciobacter corrig.
bacter	Malacobacter
bacter	Maledivibacter
bacter	Mangrovibacter
bacter	Maribacter
bacter	"Marinilongibacter"
bacter	Marinisporobacter
bacter	Marinobacter
bacter	Maripseudobacter
bacter	Maritimibacter
bacter	"Marseillibacter"
bacter	Mediterraneibacter
bacter	Melioribacter
bacter	"Merdibacter"
bacter	"Merdibacter"
bacter	"Mergibacter"
bacter	Meridianimaribacter
bacter	Mesocricetibacter
bacter	Mesoflavibacter
bacter	Mesohalobacter
bacter	[Mesopelagibacter]
bacter	Mesophilobacter
bacter	Methanobrevibacter
bacter	Methanothermobacter
bacter	Methylobacter
bacter	Methyloceanibacter
bacter	Microaerobacter
bacter	Microbacter
bacter	Miniphocaeibacter corrig.
bacter	Miniphocibacter
bacter	"Miniphocibacter"
bacter	Mizugakiibacter
bacter	"Candidatus Moanibacter" corrig.
bacter	Mobilisporobacter
bacter	Modestobacter
bacter	Modicisalibacter
bacter	Moheibacter
bacter	Mongoliibacter
bacter	"Candidatus Monilibacter"
bacter	Motilibacter
bacter	Mucibacter
bacter	Mucilaginibacter
bacter	Muribacter
bacter	Mycolicibacter
bacter	"Myxobacter"
bacter	"Candidatus Nanosynbacter"
bacter	"Natronohydrobacter"
bacter	Naxibacter
bacter	"Ndongobacter"
bacter	"Candidatus Nebulibacter" corrig.
bacter	"Candidatus Nebulobacter"
bacter	Necropsobacter
bacter	"Neglectibacter"
bacter	Neptuniibacter
bacter	"Candidatus Nesciobacter"
bacter	Nesiotobacter
bacter	Nguyenibacter
bacter	"Niameybacter"
bacter	Nibribacter
bacter	"Nissabacter"
bacter	Nitrobacter
bacter	Nitrogeniibacter
bacter	Notoacmeibacter
bacter	"Candidatus Obscuribacter"
bacter	Occallatibacter
bacter	"Candidatus Occultibacter" corrig.
bacter	"Candidatus Occultobacter"
bacter	Oceanobacter
bacter	Octadecabacter
bacter	Odoribacter
bacter	Oecophyllibacter
bacter	Oharaeibacter
bacter	Oleibacter
bacter	Oleisolibacter
bacter	Olivibacter
bacter	"Candidatus Opimibacter"
bacter	Ornithinibacter
bacter	Oryzisolibacter
bacter	Oryzobacter
bacter	Oscillibacter
bacter	Otariodibacter
bacter	"Candidatus Ovatibacter" corrig.
bacter	"Candidatus Ovibacter" corrig.
bacter	"Candidatus Ovobacter"
bacter	Oxalobacter
bacter	Oxobacter
bacter	"Candidatus Ozemibacter" corrig.
bacter	"Candidatus Paceibacter"
bacter	Pacificibacter
bacter	"Pajaroellobacter"
bacter	Paludibacter
bacter	Panacibacter
bacter	Pannonibacter
bacter	Papillibacter
bacter	"Candidatus Paracaedibacter"
bacter	"Candidatus Parcunitrobacter"
bacter	Parvibacter
bacter	Parviterribacter
bacter	Patulibacter
bacter	Paucibacter
bacter	Paucihalobacter
bacter	Pedobacter
bacter	"Candidatus Pelagibacter"
bacter	"Pelagiobacter"
bacter	Pelobacter
bacter	Peptoanaerobacter
bacter	Peredibacter
bacter	Perexilibacter
bacter	"Candidatus Peribacter"
bacter	Permianibacter
bacter	Persicobacter
bacter	Perspicuibacter
bacter	Petrobacter
bacter	Petrothermobacter
bacter	Phaeobacter
bacter	Phaeocystidibacter
bacter	Phaeodactylibacter
bacter	"Candidatus Phaeomarinibacter" corrig.
bacter	"Candidatus Phaeomarinobacter"
bacter	Phaseolibacter
bacter	"Candidatus Phloeobacter" corrig.
bacter	"Candidatus Phlomobacter"
bacter	Phnomibacter
bacter	Phocoenobacter
bacter	"Phoenicibacter"
bacter	"Candidatus Phosphoribacter"
bacter	[Photobacter]
bacter	Phragmitibacter
bacter	Phreatobacter
bacter	Phytobacter
bacter	"Piezobacter"
bacter	"Pigmentibacter"
bacter	Pilibacter
bacter	Pimelobacter
bacter	Pinibacter
bacter	"Pinirhizobacter"
bacter	Pinisolibacter
bacter	Piscinibacter
bacter	Plantibacter
bacter	Pluralibacter
bacter	Pokkaliibacter
bacter	Polaribacter
bacter	"Polycladidibacter"
bacter	Polymorphobacter
bacter	Polynucleobacter
bacter	Pontibacter
bacter	Pontibrevibacter
bacter	Pontixanthobacter
bacter	"Populibacter"
bacter	Porphyrobacter
bacter	Portibacter
bacter	Poseidonibacter
bacter	Povalibacter
bacter	"Prasinibacter"
bacter	Primorskyibacter
bacter	"Candidatus Procabacter"
bacter	"Candidatus Procaibacter" corrig.
bacter	Profundibacter
bacter	Prolixibacter
bacter	Propionibacter
bacter	Prosthecobacter
bacter	Protaetiibacter
bacter	"Protaminobacter"
bacter	"Candidatus Protistibacter" corrig.
bacter	"Candidatus Protistobacter"
bacter	Pseudarcobacter corrig.
bacter	Pseudoarcobacter
bacter	Pseudobacter
bacter	[Pseudogluconobacter]
bacter	Pseudoramibacter
bacter	Psychrobacter
bacter	Psychromarinibacter
bacter	Pulveribacter
bacter	Pusillibacter
bacter	Puteibacter
bacter	Putridiphycobacter
bacter	"Pygmaiobacter"
bacter	Pyramidobacter
bacter	Pyruvatibacter
bacter	Ramlibacter
bacter	Raoultibacter
bacter	Rarobacter
bacter	Rathayibacter
bacter	Ravibacter
bacter	[Renobacter]
bacter	"Candidatus Repentibacter" corrig.
bacter	Reticulibacter
bacter	Rhabdobacter
bacter	"Rhabdonatronobacter"
bacter	Rhizobacter
bacter	Rhodanobacter
bacter	Rhodobacter
bacter	Rhodocaloribacter
bacter	Rhodohalobacter
bacter	Rivibacter
bacter	Rodentibacter
bacter	Roseinatronobacter
bacter	Roseisolibacter
bacter	Roseobacter
bacter	Rubidibacter
bacter	Rubneribacter
bacter	Rubrobacter
bacter	Rudaibacter
bacter	Rufibacter
bacter	Rugosibacter
bacter	Ruminobacter
bacter	"Ruminofilibacter"
bacter	Sabulibacter
bacter	Sabulilitoribacter
bacter	Saccharibacter
bacter	"Candidatus Saccharibacter"
bacter	Saccharobacter
bacter	Salegentibacter
bacter	Salibacter
bacter	Salicibibacter
bacter	Salifodinibacter
bacter	Salilacibacter
bacter	Salimesophilobacter
bacter	Salinibacter
bacter	"Candidatus Salinibacter"
bacter	Salsipaludibacter
bacter	"Sandaracinobacter"
bacter	Sangeribacter
bacter	Sanguibacter
bacter	Saxeibacter
bacter	"Scatolibacter"
bacter	Sedimentibacter
bacter	Sediminibacter
bacter	Segetibacter
bacter	"Selenihalanaerobacter"
bacter	Serinibacter
bacter	Sessilibacter
bacter	Siccibacter
bacter	Silicibacter
bacter	"Sinanaerobacter"
bacter	Sinisalibacter
bacter	Sinobacter
bacter	Siphonobacter
bacter	"Candidatus Solibacter"
bacter	Specibacter
bacter	"Spelaeibacter"
bacter	Sphaerobacter
bacter	Sphingosinithalassobacter
bacter	Spiribacter
bacter	Spodiobacter
bacter	Spongiibacter
bacter	Sporanaerobacter
bacter	Sporobacter
bacter	Sporohalobacter
bacter	Stenothermobacter
bacter	Stenotrophobacter
bacter	Stenoxybacter
bacter	Steroidobacter
bacter	Stibiobacter
bacter	Subsaxibacter
bacter	"Sufflavibacter"
bacter	"Sulfidibacter"
bacter	Sulfitobacter
bacter	"Candidatus Sulfomarinibacter"
bacter	"Candidatus Sulfopaludibacter"
bacter	"Candidatus Sulfotelmatobacter"
bacter	"Candidatus Sulfuripaludibacter" corrig.
bacter	"Candidatus Sulfuritelmatobacter" corrig.
bacter	"Superficieibacter"
bacter	"Candidatus Symbiobacter"
bacter	Syntrophobacter
bacter	Tahibacter
bacter	Tamilnaduibacter
bacter	"Tardibacter"
bacter	"Taxeobacter"
bacter	"Taxeobacter"
bacter	Tectibacter
bacter	Telluribacter
bacter	Telmatobacter
bacter	Temperatibacter
bacter	Tenebrionibacter
bacter	Tengunoibacter
bacter	"Candidatus Tenuibacter"
bacter	Tepidanaerobacter
bacter	Tepidibacter
bacter	Teredinibacter
bacter	Terrabacter
bacter	Terrimesophilobacter
bacter	Terrisporobacter
bacter	Testudinibacter
bacter	"Candidatus Tethybacter"
bacter	Tetrathiobacter
bacter	Thalassobacter
bacter	"Thalassobacter"
bacter	Thermaerobacter
bacter	Thermoanaerobacter
bacter	"Candidatus Thermochlorobacter"
bacter	Thermoflexibacter
bacter	Thermohalobacter
bacter	Thermolithobacter
bacter	"Candidatus Thermonerobacter"
bacter	Thermophilibacter
bacter	Thermosediminibacter
bacter	Thermosulfidibacter
bacter	Thioalkalibacter
bacter	Thiobacter
bacter	Thiohalobacter
bacter	Thiosulfatihalobacter
bacter	"Tidjanibacter"
bacter	Tractidigestivibacter
bacter	Trichlorobacter
bacter	Tritonibacter
bacter	Tropicibacter
bacter	"Candidatus Turbibacter" corrig.
bacter	Turicibacter
bacter	"Candidatus Udaeobacter"
bacter	Ulvibacter
bacter	Umboniibacter
bacter	Undibacter
bacter	Ursidibacter
bacter	Usitatibacter
bacter	Variibacter
bacter	Variimorphobacter
bacter	"Venatorbacter"
bacter	Verminephrobacter
bacter	Vespertiliibacter
bacter	"Candidatus Viadribacter"
bacter	Vicinamibacter
bacter	"Candidatus Vicinibacter"
bacter	Vineibacter
bacter	Vitellibacter
bacter	Volucribacter
bacter	Vulgatibacter
bacter	"Candidatus Wirthibacter"
bacter	Wukongibacter
bacter	Xanthobacter
bacter	"Candidatus Xiphinematobacter"
bacter	Xylanibacter
bacter	Youngiibacter
bacter	Zeaxanthinibacter
bacter	Zymobacter
bellus	Halobellus
bellus	Maribellus
botulus	Desulfobotulus
botulus	Syntrophobotulus
bulbus	Desulfobulbus
bulbus	"Desulfobulbus"
bulbus	"Candidatus Desulfonatronobulbus"
bulbus	Oceanibulbus
calculus	Halocalculus
calculus	Methanocalculus
calculus	"Natronocalculus"
caldus	Acidicaldus
caldus	"Candidatus Nitrosocaldus"
calyx	Chamaecalyx
calyx	Diplocalyx
capillus	Capillus
capsulatus	"Encapsulatus"
captor	Cruoricaptor
carbo	Desulfocarbo
caulis	Alkalicaulis
caulis	Asticcacaulis
caulis	"Candidatus Bipolaricaulis"
caulis	"Euryhalocaulis"
caulis	Glycocaulis
caulis	Maricaulis
caulis	Marinicaulis
caulis	Oceanicaulis
caulis	"Photocaulis"
caulis	Ponticaulis
caulis	Sulfuricaulis
caulis	Tepidicaulis
caulis	Terricaulis
causticus	Thylacocausticus
-clasticus (clasticus)	Cycloclasticus
coccus	"Candidatus Absconditicoccus"
coccus	Absicoccus
coccus	Abyssicoccus
coccus	Acidaminococcus
coccus	Acuticoccus
coccus	Aegeococcus
coccus	Aerococcus
coccus	Aestuariicoccus
coccus	Aggregicoccus
coccus	Agilicoccus
coccus	Agitococcus
coccus	Agrococcus
coccus	[Albococcus]
coccus	Algicoccus
coccus	Aliicoccus
coccus	Alkalicoccus
coccus	Alloiococcus
coccus	Alterococcus
coccus	Amaricoccus
coccus	Amycolicicoccus
coccus	Anaerococcus
coccus	Angiococcus
coccus	Antricoccus
coccus	Aplococcus
coccus	Aquicoccus
coccus	Arachidicoccus
coccus	Arboricoccus corrig.
coccus	Arsenicicoccus
coccus	[Ascococcus]
coccus	[Asterococcus]
coccus	Atopococcus
coccus	Auraticoccus
coccus	Aureicoccus
coccus	Auricoccus
coccus	Bavariicoccus
coccus	"Betacoccus"
coccus	"Bilophococcus"
coccus	Blastococcus
coccus	"Brevicoccus"
coccus	Butyricicoccus
coccus	"Caldococcus"
coccus	"Carnococcus"
coccus	Catellicoccus
coccus	Catenococcus
coccus	"Cephaloticoccus"
coccus	Cerasicoccus
coccus	Chelatococcus
coccus	"Chondrococcus"
coccus	Chroococcus
coccus	Citreicoccus
coccus	Citricoccus
coccus	Closteriococcus
coccus	Compactococcus
coccus	Coprococcus
coccus	Corallococcus
coccus	Corticicoccus
coccus	Craurococcus
coccus	Crenalkalicoccus
coccus	Croceicoccus
coccus	Cyanococcus
coccus	Defluviicoccus corrig.
coccus	Deinococcus
coccus	Dermacoccus
coccus	Desulfococcus
coccus	Desulfurococcus
coccus	"Didymococcus"
coccus	[Diplococcus]
coccus	"Doliumcoccus"
coccus	Dolosicoccus
coccus	Egicoccus
coccus	Enteractinococcus
coccus	Enterococcus
coccus	Eremococcus
coccus	"Exococcus"
coccus	Faecalicoccus
coccus	Fervidicoccus
coccus	Floricoccus
coccus	Fluviicoccus
coccus	Frisingicoccus
coccus	Fundicoccus
coccus	Geminicoccus
coccus	Granulicoccus
coccus	Granulosicoccus
coccus	Halalkalicoccus
coccus	Halegenticoccus
coccus	Halococcus
coccus	Halomethanococcus
coccus	Halomicrococcus
coccus	Helcococcus
coccus	Heterocyanococcus
coccus	Humicoccus
coccus	[Hyalococcus]
coccus	Hydrococcus
coccus	Hyellococcus
coccus	Hyphococcus
coccus	Ignicoccus
coccus	Indiicoccus
coccus	"Inmanicoccus"
coccus	Innacoccus
coccus	Jeotgalicoccus
coccus	Kineococcus
coccus	Kytococcus
coccus	Lactococcus
coccus	"Lacustricoccus"
coccus	Lapillicoccus
coccus	"Leptococcus"
coccus	Libanicoccus
coccus	Lichenicoccus
coccus	Limnococcus
coccus	Lithococcus
coccus	Luteococcus
coccus	Macrococcus
coccus	"Candidatus Magnetaquicoccus"
coccus	Magnetococcus
coccus	"Magnicoccus"
coccus	Mammaliicoccus
coccus	Mangrovicoccus
coccus	"Maricoccus"
coccus	Mariniluteicoccus
coccus	Marinococcus
coccus	"Mediannikoviicoccus"
coccus	Melissococcus corrig.
coccus	Meridianimarinicoccus
coccus	"Metallococcus"
coccus	Methanimicrococcus corrig.
coccus	Methanocaldococcus
coccus	Methanococcus
coccus	Methanofervidicoccus
coccus	Methanomassiliicoccus
coccus	Methanothermococcus
coccus	Methermicoccus
coccus	Methylococcus
coccus	Methyloparacoccus
coccus	"Methylotetracoccus"
coccus	Micrococcus
coccus	Mobilicoccus
coccus	Mongoliicoccus
coccus	Morococcus
coccus	Muricoccus
coccus	Myxococcus
coccus	"Candidatus Nanosyncoccus"
coccus	Natronococcus
coccus	Negativicoccus
coccus	"Nematococcus"
coccus	Neosynechococcus
coccus	Nephrococcus
coccus	Neptunicoccus
coccus	Nibricoccus
coccus	Nitrococcus
coccus	[Nitrosacidococcus]
coccus	Nitrosococcus
coccus	Nosocomiicoccus
coccus	"Candidatus Nucleicoccus" corrig.
coccus	"Candidatus Nucleococcus"
coccus	"Oceanicoccus"
coccus	Oceanococcus
coccus	Oenococcus
coccus	Ornithinicoccus
coccus	Palaeococcus
coccus	Paracoccus
coccus	"Parasynechococcus"
coccus	Pediococcus
coccus	Pedococcus
coccus	Pelagicoccus
coccus	Peptococcus
coccus	Phycicoccus
coccus	"Candidatus Pinguicoccus"
coccus	Piscicoccus
coccus	Pistricoccus
coccus	Planococcus
coccus	Pleococcus
coccus	"Pleurococcus"
coccus	"Polycoccus"
coccus	"Polycoccus"
coccus	"Ponticoccus"
coccus	Ponticoccus
coccus	"Ponticoccus"
coccus	Porticoccus
coccus	Prochlorococcus
coccus	"Prolificoccus"
coccus	"Candidatus Prosiliicoccus"
coccus	[Protococcus]
coccus	"Pseudosynechococcus"
coccus	Puniceicoccus
coccus	Pyrococcus
coccus	Pyxidicoccus corrig.
coccus	Quadricoccus
coccus	Quatrionicoccus
coccus	"Regnicoccus"
coccus	Rhodococcus
coccus	Roseococcus
coccus	Rubricoccus
coccus	Rudaeicoccus
coccus	Ruficoccus
coccus	Ruminococcus
coccus	Saccharococcus
coccus	Salinicoccus
coccus	"Sediminicoccus"
coccus	Segeticoccus
coccus	Serinicoccus
coccus	Siccirubricoccus
coccus	"Siderococcus"
coccus	Simulacricoccus
coccus	Sinococcus
coccus	Smaragdicoccus
coccus	Spelaeicoccus
coccus	Staphylococcus
coccus	Stomatococcus
coccus	"Stomatostreptococcus"
coccus	Streptococcus
coccus	Suicoccus
coccus	Sulfodiicoccus
coccus	Sulfophobococcus
coccus	"Sulfuriroseicoccus"
coccus	Sulfurococcus
coccus	Synechococcus
coccus	Syntrophococcus
coccus	Tamlicoccus
coccus	Teichococcus
coccus	Terracoccus
coccus	Tersicoccus
coccus	Tessaracoccus
coccus	"Tetracoccus"
coccus	Tetragenococcus
coccus	Thalassococcus
coccus	"Thaumococcus"
coccus	Thermococcus
coccus	"Thermosynechococcus"
coccus	Thioalkalicoccus corrig.
coccus	Thiococcus
coccus	"Thioflavicoccus"
coccus	Thiophaeococcus
coccus	Thiorhodococcus
coccus	Trichococcus
coccus	"Urinacoccus"
coccus	"Urinicoccus"
coccus	"Urinicoccus"
coccus	"Urococcus"
coccus	Vagococcus
coccus	Vallicoccus
coccus	"Vampirococcus"
coccus	"Candidatus Velamenicoccus"
coccus	"Vulcanococcus"
coccus	Xenococcus
coleus	"Cystocoleus"
coleus	Mastigocoleus
coleus	Microcoleus
coleus	"Spirocoleus"
coleus	Spirocoleus
coleus	Trichocoleus
consessor	"Candidatus Consessor" corrig.
constrictosus	Filiconstrictosus
conus	"Roseiconus"
crinis	Actinocrinis
crinis	Amazonocrinis
crinis	Marinicrinis
crinis	Saccharicrinis
crinis	Thermocrinis
cucumis	Desulfocucumis
cucumis	Methylocucumis
cucumis	"Candidatus Methylocucumis"
culleus	Methanoculleus
curvus	Chromatocurvus corrig.
curvus	Desulfocurvus
curvus	Maricurvus
cyclicus	Hypnocyclicus
cyclus	"Geocyclus"
cyclus	Microcyclus
cyclus	Rhodocyclus
cyclus	Roseicyclus
cylindrus	"Candidatus Limnocylindrus"
desulfatator	Thermodesulfatator
dialister	Dialister
digitus	Reptodigitus
discus	Microdiscus
discus	Parenchymodiscus
discus	Thermodiscus
elongatus	Leptoelongatus
factor	Acetatifactor
factor	Filifactor
factor	Lactonifactor
fasciculus	Coleofasciculus
-fer (fer)	Ensifer
-fer (fer)	Microbulbifer
fervidus	"Candidatus Desulfofervidus"
-fex (fex)	Ammonifex
-fex (fex)	Aquifex
-fex (fex)	Bullifex
-fex (fex)	Floccifex
-fex (fex)	"Gephyromycinifex"
-fex (fex)	Sulfuracidifex
flexus	Alkaliflexus
flexus	Chloroflexus
flexus	Flaviflexus
flexus	"Candidatus Lithoflexus"
flexus	Mangroviflexus
flexus	"Candidatus Moduliflexus"
flexus	Natronoflexus
flexus	Oligoflexus
flexus	Psychroflexus
flexus	"Rhodoflexus"
flexus	Roseiflexus
flexus	Sulfuriflexus
flexus	Thermoflexus
follis	Brevifollis
follis	Methanofollis
fractor	Bilifractor
fractor	Flavonifractor
fractor	Nitratifractor
fractor	"Thiofractor"
frater	"Chlamydiifrater"
fundulus	Desulfofundulus
fustis	Allofustis
fustis	Anaerofustis
fustis	Desulfofustis
fustis	Sulfurifustis
-ger (ger)	Gemmiger
gladius	Thermogladius
gladius	"Thermogladius"
globulus	Methyloglobulus
globus	Anaeroglobus
globus	"Candidatus Anammoxiglobus" corrig.
globus	"Candidatus Anammoxoglobus"
globus	Archaeoglobus
globus	Chryseoglobus
globus	Ereboglobus
globus	Ferroglobus
globus	Fimbriiglobus
globus	Frigoriglobus
globus	Geoglobus
globus	Halioglobus
globus	Limihaloglobus
globus	Limnoglobus
globus	"Candidatus Magnetoglobus"
globus	Monoglobus
globus	"Candidatus Nitrosoglobus"
globus	Oceaniglobus
globus	Pisciglobus
globus	"Candidatus Pseudothioglobus"
globus	Rariglobus
globus	Rhodoglobus
globus	Terriglobus
globus	Thalassoglobus
globus	"Candidatus Thioglobus"
Ianus (ianus)	Acidianus
icanus	Thermicanus
inquilinus	Inquilinus
lancetus	"Nitrolancetus"
lapillus	Thiolapillus
lituus	Litorilituus
lituus	Sporolituus
lituus	Thalassolituus
lobus	Acidilobus
lobus	Desulfurolobus
lobus	Methanolobus
lobus	"Methylolobus"
lobus	Nitrosolobus
lobus	Pyrolobus
lobus	Saccharolobus
lobus	Stygiolobus
lobus	Sulfolobus
lunatus	Microlunatus
lyticus	"Candidatus Hemicellulosilyticus" corrig.
marinus	Alkalimarinus
marinus	"Candidatus Altimarinus"
marinus	"Candidatus Arcomarinus"
marinus	"Dechloromarinus"
marinus	Gilvimarinus
marinus	"Candidatus Nitrosomarinus"
marinus	Roseimarinus
massilus	[Lactomassilus]
methylicus	"Candidatus Methanomethylicus"
minusculus	"Candidatus Magnetominusculus"
morbus	"Candidatus Nanoperiodontomorbus" corrig.
morbus	"Candidatus Nanoperiomorbus"
murus	Actinoallomurus
natus	"Candidatus Amoebinatus"
natus	"Candidatus Binatus"
nauta	[Nitronauta]
nauticus	Desulfonauticus
necator	Cochlodiniinecator
nexus	Azonexus
notius	Halonotius
obesus	Saccharobesus
obsidianus	"Candidatus Nanobsidianus"
orbus	Orbus
ortus	Marortus
ovatus	Caldovatus
pannus	Pannus
pectinatus	Pectinatus
pelagicus	"Candidatus Nanopelagicus"
pelagicus	"Candidatus Nitrosopelagicus"
pelagius	Halopelagius
pelagius	"Candidatus Micropelagius" corrig.
pelagius	"Nitropelagius" corrig.
penitus	Halopenitus
petraeus	"Candidatus Nanopetraeus" corrig.
-philus (philus)	Algiphilus
-philus (philus)	Alicycliphilus
-philus (philus)	Alkalihalophilus
-philus (philus)	Alkaliphilus
-philus (philus)	Aminiphilus
-philus (philus)	Ammoniphilus
-philus (philus)	"Candidatus Amoebophilus"
-philus (philus)	"Anaerophilus"
-philus (philus)	Anaerosacchariphilus
-philus (philus)	"Aquaphilus"
-philus (philus)	Azorhizophilus
-philus (philus)	"Candidatus Benitsuchiphilus"
-philus (philus)	Carbophilus
-philus (philus)	Chitiniphilus
-philus (philus)	"Candidatus Cochliophilus"
-philus (philus)	"Candidatus Cochliopodiiphilus" corrig.
-philus (philus)	"Candidatus Curculioniphilus"
-philus (philus)	[Dasytiphilus]
-philus (philus)	"Dermatophilus"
-philus (philus)	Dermatophilus
-philus (philus)	"Desulfohalophilus"
-philus (philus)	"Fucophilus"
-philus (philus)	"Candidatus Gastranaerophilus"
-philus (philus)	Gelatiniphilus
-philus (philus)	Haemophilus corrig.
-philus (philus)	Halioxenophilus
-philus (philus)	"Heminiphilus"
-philus (philus)	"Candidatus Hemipteriphilus"
-philus (philus)	Hemophilus
-philus (philus)	Histophilus
-philus (philus)	Hydrogenophilus
-philus (philus)	Luminiphilus
-philus (philus)	Methanohalophilus
-philus (philus)	"Candidatus Methanomethylophilus"
-philus (philus)	Methylophilus
-philus (philus)	"Methylophilus"
-philus (philus)	"Candidatus Methyloumidiphilus"
-philus (philus)	"Candidatus Methylumidiphilus" corrig.
-philus (philus)	Muriiphilus
-philus (philus)	Nitrosophilus
-philus (philus)	Novimethylophilus
-philus (philus)	Oleiphilus
-philus (philus)	"Candidatus Parastrichiiphilus" corrig.
-philus (philus)	Peptoniphilus
-philus (philus)	Picrophilus
-philus (philus)	Poritiphilus
-philus (philus)	Sodaliphilus
-philus (philus)	Streptacidiphilus
-philus (philus)	Tepidiphilus
-philus (philus)	Terracidiphilus
-philus (philus)	"Terrahaemophilus"
-philus (philus)	Thermosulfuriphilus
-philus (philus)	Thiohalophilus
-philus (philus)	Tonsilliphilus
-philus (philus)	"Vermiphilus"
-philus (philus)	Xenophilus
-philus (philus)	Xylophilus
-philus (philus)	Zymophilus
-phobus (phobus)	"Candidatus Aerophobus"
-phorus (phorus)	[Sphaerophorus]
-phorus (phorus)	"Spherophorus"
-phorus (phorus)	"Trichophorus"
piger	Halopiger
piger	Salipiger
piscium	"Candidatus Epulopiscium"
planus	Haloplanus
planus	Methanoplanus
plicatus	Amphiplicatus
priscus	"Candidatus Caldipriscus"
proauctor	"Candidatus Thermoproauctor"
profundus	Haloprofundus
profundus	Mariprofundus
profundus	Methyloprofundus
pulveratus	Luteipulveratus
pumilus	"Candidatus Methylopumilus"
pumilus	Nitrosopumilus
pumilus	"Candidatus Nitrosopumilus"
pusillus	"Candidatus Nanopusillus"
pyrus	Methanopyrus
radius	Desulforadius
radius	Mariniradius
radius	Methyloradius
radius	Oceaniradius
radius	Saliniradius
ramulus	Desulforamulus
ramulus	Flaviramulus
ramus	Saliniramus
reductor	Nitratireductor
reductor	Thioreductor
rhopalus	Desulforhopalus
roseus	"Thalassoroseus"
rubellus	Halorubellus
rubellus	Salinirubellus
rubidus	"Candidatus Rubidus"
ruptor	"Candidatus Amyloruptor" corrig.
ruptor	Caldicellulosiruptor
ruptor	"Caldinitratiruptor"
ruptor	Nitratiruptor
ruptor	Nitriliruptor
russus	Halorussus
russus	Salinirussus
saccus	Cyanosaccus
salinus	Aquisalinus
salinus	Planktosalinus
salinus	Rhodosalinus
salinus	Roseisalinus
sandaracinus	Sandaracinus
scipio	Desulfoscipio
scipio	Enteroscipio
siccatus	Halosiccatus
sinus	Anaerosinus
sinus	Desulfosporosinus
sinus	Ectothiorhodosinus
sinus	Methylosinus
sinus	Pelosinus
sinus	"Psychrosinus"
sinus	Thermosinus
sipho	Thermosipho
socius	Patiriisocius
socius	"Candidatus Phycosocius"
socius	"Thiosocius"
socius	"Candidatus Vesicomyidisocius" corrig.
socius	"Candidatus Vesicomyosocius"
sodalis	Sodalis
solitarius	"Candidatus Profundisolitarius"
-sporus	"Endosporus"
-sporus	"Terminosporus"
sticca	Aerosticca
stipes	Alistipes
stipes	Anaerostipes
stipes	Atopostipes
stipes	Chroostipes
stipes	Flexistipes
torris	Methanotorris
tortus	Sulfuritortus
tranquillus	"Roseitranquillus"
trophicus	"Phototrophicus"
truncus	Anaerotruncus
truncus	Desulfotruncus
truncus	"Marasmitruncus"
turbo	"Candidatus Thioturbo"
tutus	"Candidatus Didemniditutus" corrig.
tutus	"Candidatus Didemnitutus"
tutus	Opitutus
uncus	Mobiluncus
varius	Ferruginivarius
varius	Halovarius
varius	"Methylovarius"
varius	Rhodovarius
varius	Roseovarius
vectis	Desulfovectis
venator	Microvenator
vermiculus	Desulfovermiculus
vermis	Sulfurivermis
vibrio	"Alginovibrio"
vibrio	Aminivibrio
vibrio	Azovibrio
vibrio	Calditerrivibrio
vibrio	Chitinivibrio
vibrio	"Deferrivibrio"
vibrio	Desulfurivibrio
vibrio	Falcivibrio
vibrio	Geovibrio
vibrio	Lactivibrio
vibrio	Magnetovibrio
vibrio	"Marinovibrio"
vibrio	Marivibrio
vibrio	"Methylosporovibrio"
vibrio	"Nitrosovibrio"
vibrio	Phaeovibrio
vibrio	Pleomorphovibrio
vibrio	"Candidatus Roseivibrio" corrig.
vibrio	"Candidatus Roseovibrio"
vibrio	Salinivibrio
vibrio	"Sporovibrio"
vibrio	Thaumasiovibrio
vibrio	Thermanaerovibrio
vibrio	"Candidatus Thermomagnetovibrio"
vibrio	Thermovibrio
vibrio	Thiosulfativibrio
vibrio	Venenivibrio
vibrio	Vibrio
vicinus	"Aegicerativicinus"
vicinus	Spartinivicinus
vivus	"Candidatus Haloredivivus"
-vorus (vorus)	Methylovorus
vulcanus	"Desulfovulcanus"
